Date,ProductName,Category,Quantity,UnitPrice,City,PaymentMode
01-06-2026,Tomato,Vegetables,10,25,Chennai,UPI
01-06-2026,Banana,Fruits,12,30,Chennai,Cash
01-06-2026,Milk,Dairy,5,28,Puducherry,UPI
02-06-2026,Rice,Grains,8,60,Madurai,Card
02-06-2026,Onion,Vegetables,6,22,Chennai,UPI
02-06-2026,Apple,Fruits,,120,Chennai,Cash
02-06-2026,Curd,Dairy,4,35,Puducherry,UPI
03-06-2026,Wheat Flour,Grains,10,45,Madurai,Cash
03-06-2026,Potato,Vegetables,15,20,Chennai,UPI
03-06-2026,Mango,Fruits,7,90,Puducherry,Card
03-06-2026,Paneer,Dairy,3,80,Chennai,UPI
04-06-2026,Chips,Snacks,20,15,Madurai,Cash
04-06-2026,Tomato,Vegetables,10,25,Chennai,UPI
04-06-2026,Grapes,Fruits,6,70,Puducherry,UPI
04-06-2026,Butter,Dairy,,55,Chennai,Card
05-06-2026,Sugar,Grains,9,42,Madurai,UPI
05-06-2026,Carrot,Vegetables,8,30,Chennai,Cash
05-06-2026,Orange,Fruits,10,40,Puducherry,UPI
05-06-2026,Biscuit,Snacks,25,10,Chennai,Cash
06-06-2026,Cabbage,Vegetables,7,18,Madurai,UPI
06-06-2026,Papaya,Fruits,4,35,Chennai,Card
06-06-2026,Cheese,Dairy,2,150,Puducherry,UPI
06-06-2026,Namkeen,Snacks,15,20,Chennai,Cash
07-06-2026,Brinjal,Vegetables,9,24,Madurai,UPI
07-06-2026,Watermelon,Fruits,3,60,Chennai,Cash
07-06-2026,Milk,Dairy,5,28,Puducherry,UPI
07-06-2026,Tomato,Vegetables,10,25,Chennai,UPI
08-06-2026,Rice,Grains,12,60,Madurai,Card
08-06-2026,Banana,Fruits,,30,Chennai,Cash
08-06-2026,Cookies,Snacks,18,25,Puducherry,UPI
08-06-2026,Onion,Vegetables,6,22,Chennai,UPI
09-06-2026,Curd,Dairy,4,35,Puducherry,UPI
09-06-2026,Wheat Flour,Grains,10,45,Madurai,Cash
09-06-2026,Chips,Snacks,20,15,Chennai,UPI
09-06-2026,Apple,Fruits,7,120,Chennai,Cash
10-06-2026,Potato,Vegetables,15,20,Madurai,UPI
10-06-2026,Mango,Fruits,7,90,Puducherry,Card
10-06-2026,Paneer,Dairy,3,80,Chennai,UPI
10-06-2026,Sugar,Grains,9,42,Madurai,UPI
10-06-2026,Sugar,Grains,9,42,Madurai,UPI
